7951;Absolut
7952;Absolut citron
4859;Actimel
4861;Advokat
7954;Adwocat
7953;Adwokat
4862;Agrest
4863;Ajerkoniak
4864;Alberty
11386;Alkohol
11247;Alkohole
4866;Amarantus
7923;Amaretto
4867;Amelia biała
11188;Ameratus
7924;Amoniak
7925;Amoniak do ciast
4868;Amur biały
4869;Ananas
4871;Ananas - plastry w syropie
4870;Ananas w syropie
4872;Anchois
7927;Andrut
7926;Andruty
11914;Antrykot
4873;Antrykot wołowy
7928;Anyż
7929;Anyż gwiazdkowaty
7930;Anyż gwiazdkowy
7931;Anyżek
4874;Anyżówka grecka ouzo
4876;Arak
4877;Arbuz
7956;Arkusz papieru ryżowego
7374;Aromat arakowy
7375;Aromat cytrynowy
11863;Aromat do ciast
7377;Aromat migdałowy
7378;Aromat pomarańczowy
7379;Aromat rumowy
7376;Aromat spożywczy
11487;Aromat śmietankowy
7380;Aromat waniliowy
7957;Avocado
7958;Avokado
4878;Awokado
7959;Bacardi
7960;Bacardi black
7961;Bacardi carta blanka
7962;Bacardi dry
7943;Bagietka
4884;Bagietka francuska
7944;Bagietka żytnia
4887;Bajgiel
4888;Bakalie
11333;Bakława
4889;Bakłażan
4892;Baleron
11492;Bambus
4894;Bambus konserwowy
4895;Banan
11728;Baran
7950;Baranina
4906;Baranina - łopatka
4907;Baranina - mięso bez kości
4908;Baranina - mięso z kością
4909;Baranina - udziec
4897;Baranina bez kości
11493;Baranina łopatka
4899;Baranina łopatka surowa
4901;Baranina mostek surowy
4903;Baranina surowa
4904;Baranina udziec surowy
4905;Baranina z kością
11415;Bardzo pikantne
11495;Barwena
7938;Barwnik spożywczy
7935;Barwnik spożywczy czerwony
7939;Barwnik spożywczy różnokolorowy
7936;Barwnik spożywczy różowy
7937;Barwnik spożywczy żółty
4918;Bataty
4926;Baton szynkowy z indyka
4929;Baton z kurczaka
4934;Bazylia
12032;Bazylia czerwona
12031;Bazylia tajska
12030;Bazylia tradycyjna
4935;Bażant
4936;Befsztyk bity wiejski
4937;Befsztyk bity wiejski - wołowy
4938;Befsztyk tatarski
7940;Bekon
7941;Bekon surowy
7942;Bekon wędzony
4939;Belriso
4941;Benecol
4943;Beza
11501;Bezy
4944;Biała kapusta
12002;Biała ryba
11281;Biała ryba morska
4945;Białe wino
4946;Białka
4947;Białko
4948;Białko jaja kurzego
4949;Białko jajka
4950;Białko surowe
4951;Białko z 1 jaja
11998;Biały ocet winny
4952;Biały ser
4958;Bio jogurt 0% fromako
4959;Bio tofu
4961;Biszkopty
4962;Biszkopty - ciastka
4963;Bita śmietana
11503;Bitki
4964;Bitki wieprzowe
4966;Bitki wołowe
11504;Błękitek
4969;Błękitek filet bez skóry
4970;Bobo frut jabłkowy
7807;Boczek
7822;Boczek chudy
7818;Boczek smażony
7806;Boczek surowy
7808;Boczek świeży
4972;Boczek wędzony
4973;Boczek wieprzowy
4974;Boćwina
4975;Boćwinka
4977;Bona
7862;Borowik
7871;Borowik amerykański
7865;Borowik marynowany
4978;Borowik suszony
7867;Borowik szlachetny
4979;Borowik świeży
7863;Borowiki
7866;Borowiki marynowane
7870;Borowiki mrożone
7868;Borowiki szlachetne
7864;Borowiki świeże
7869;Borowki mrożony
11246;Borówka
4980;Borówki
4981;Boświna
4982;Botwinka
4985;Bouquet garni
4986;Bób
4990;Brandy
4991;Brie
4992;Brie pełnotłusty
4994;Brizol wołowy z polędwicy
11248;Brokuł
4995;Brokuły
4997;Brokuły mrożone
11656;Brukiew
4999;Brukselka
5001;Brukselka mrożona
5002;Brukselka z wody
11868;Bryndza
5005;Bryndza - ser owczy
5007;Bryzol wołowy z polędwicy
5008;Brzoskwinia
11240;Brzoskwinie
5009;Brzoskwinie suszone
5010;Brzoskwinie w syropie
11506;Brzoskwiniowy dżem
5012;Brzoskwiniowy dżem niskosłodzony
5014;Budyń
11509;Budyń bananowy
5015;Budyń campina
5016;Budyń czekoladowy
11507;Budyń śmietankowy
5017;Budyń waniliowy
11508;Budyń wiśniowy
7907;Bulion
7911;Bulion drobiowy
7916;Bulion grzybowy
7917;Bulion grzybowy z kostki
7908;Bulion instant
7918;Bulion mięsno-warzywny
7920;Bulion mięsny
5019;Bulion rybny
7909;Bulion w proszku
7919;Bulion warzywno-rosołowy
5020;Bulion warzywny
7921;Bulion wołowy
7912;Bulion z drobiu
7922;Bulion z dziczyzny
7910;Bulion z kostki
7913;Bulionu z kostki drobiowej
7914;Bulionu z kurczaka
7915;Bulionu z kury
5021;Bułeczki do hot dogów
5023;Bułka
5024;Bułka grachamka
5025;Bułka grahamka
5026;Bułka kajzerka
5027;Bułka krakowska
5028;Bułka maślana
5029;Bułka paryska
5030;Bułka półfrancuska
5031;Bułka pszenna
5032;Bułka pszenna wyborowa delikatesowa
5033;Bułka pszenna wyborowa wrocławska
5034;Bułka szwedka
5035;Bułka tarta
5036;Bułka wrocławska
5037;Bułka z kminkiem
5038;Bułka z kruszonką
5039;Bułka zwykła
11343;Bułki
5040;Bułki grahamki
5041;Bułki i rogale maślane
5042;Bułki kajzerki
5043;Bułki maślane
5044;Bułki pszenne zwykłe
5045;Bułki wrocławskie
11250;Buraczek
5048;Burak
5050;Buraki ćwikłowe
11944;Bursztyn
7949;Calvados
5056;Camembert
5057;Camembert pełnotłusty
5058;Camembert turek z ziolami
7969;Campari
7970;Campari bitter
7971;Camparii bitter
11873;Cannelloni
5059;Cappuccino
12004;Cayenne
5062;Cebula
12098;Cebula cukrowa
5065;Cebula surowa
7710;Cebulka
7711;Cebulka drobna
7712;Cebulka dynmka
7713;Cebulka koktajlowa
7714;Cebulka marynowana
7715;Cebulka prażona
7716;Cebulka zielona
5066;Chałka
5067;Chałka ozdobna
5068;Chałki
11810;Chałki zdobne
5069;Chałwa
5070;Cheddar
5072;Cherry brandy
5073;Chili
7748;Chilli
12054;Chilli czerwone
12053;Chilli zielone
7859;Chińska kapusta
5074;Chipsy
5078;Chipsy ziemniaczane
5079;Chleb
5080;Chleb baltonowski
11177;Chleb biały
5081;Chleb chrupki
5082;Chleb chrupki pszenny
5083;Chleb chrupki żytni
5084;Chleb gracham
5085;Chleb graham
5086;Chleb kołodziej
5087;Chleb lecytynowy
5088;Chleb łęczycki
5089;Chleb mazowiecki
11193;Chleb mieszany
5090;Chleb mieszany słonecznikowy
5091;Chleb mieszany sojowy
5092;Chleb mieszany z soją
5093;Chleb mieszany ze słonecznikiem
5094;Chleb mleczny
11195;Chleb na zakwasie
5095;Chleb pełen ziaren
5096;Chleb pełnoziarnisty
5097;Chleb pita
5098;Chleb praski
5099;Chleb pszenno-żytni
5100;Chleb pszenny
5101;Chleb pszenny lekki (chrupki)
5102;Chleb pszenny razowy
5103;Chleb pszenny zwykły
5104;Chleb pumpernikiel
5105;Chleb pytylowy
5106;Chleb razowy
5107;Chleb razowy na miodzie
5108;Chleb sitkowy
5109;Chleb słodowy
5110;Chleb słonecznikowy
5111;Chleb staropolski
5112;Chleb tostowy
5113;Chleb tostowy pszenny
5114;Chleb wasa żytni
5115;Chleb wiejski
11189;Chleb z dodatkami
5116;Chleb z musli
5117;Chleb z otrębami
5118;Chleb zakopiański
5119;Chleb zwykły
5120;Chleb żytni
5121;Chleb żytni jasny
5122;Chleb żytni jasny mleczny
5123;Chleb żytni lekki (chrupki)
5124;Chleb żytni pełnoziarnisty
5125;Chleb żytni pełnoziarnisty razowy
5126;Chleb żytni razowy
5127;Chleb żytni razowy na miodzie
5128;Chleb żytni razowy z soją i słonecznikiem
5129;Chleb żytni staropolski
5130;Chleb żytni wileński
5131;Chleb żytni zwykły
5132;Chlebek ryzowy
5134;Chlebek żytni lekki
11817;Chlep chrupki
11259;Chlep żytni
5136;Chocolate musli (lidl)
5137;Chrupki kukurydziane
5138;Chrzan
7823;Chudy boczek
11331;Ciasta
11329;Ciasteczka
11398;Ciasteczko
11335;Ciastka
11514;Ciastka tortowe
11402;Ciastko
5153;Ciasto drożdżowe
7963;Ciasto filio
11197;Ciasto filo
5155;Ciasto francuskie
5158;Ciasto kruche podstawowe
5160;Ciasto naleśnikowe bez piany
5161;Ciasto naleśnikowe biszkoptowe
5164;Ciecierzyca
5165;Cieciorka
5167;Cielęca wątróbka
5169;Cielęce nerki surowe
5170;Cielęce serca
5172;Cielęcina
5181;Cielęcina - łopatka
5182;Cielęcina - mięso z kością
5183;Cielęcina - nerkówka
5184;Cielęcina - sznyclówka
11713;Cielęcina - szynciówka
5185;Cielęcina - udziec
5173;Cielęcina bez kości
5174;Cielęcina górka nerkówka
5175;Cielęcina łopatka
5176;Cielęcina pieczeń cielęca
5177;Cielęcina sznycel panierowany
5178;Cielęcina udziec
5180;Cielęcina z kością
5186;Cielęcy kotlet panierowany
5187;Cielęcy mózg
5188;Cielęcy ozór surowy
7901;Ciemne piwo
11994;Ciemny muscovado
5193;Coctailowe
5194;Croissant
5196;Cukier
5197;Cukier biały
5198;Cukier brązowy
11520;Cukier brzozowy
5199;Cukier cynamonowy
5200;Cukier puder
5201;Cukier trzcinowy
5202;Cukier wanilinowy
5203;Cukier waniliowy
11404;Cukierek
11339;Cukierki
5204;Cukierki irysy
5205;Cukierki krówki
5207;Cukierki owocowe
5208;Cukinia
5210;Cukinia marynowana
5212;Cukinia surowa
7857;Cukrowa kapusta
11192;Cukry
5213;Curacao
5214;Curry
5215;Cykoria
5216;Cykoria surowa
5217;Cynamon
11410;Cytrus
11397;Cytrusy
5218;Cytryna
5220;Czarne jagody
5221;Czarne jagody mrożone
5222;Czarne oliwki
5223;Czarne porzeczki
5224;Czarne porzeczki - dżem niskosłodzony
5225;Czarne porzeczki - dżem wysokosłodzony
5226;Czarnuszka
11949;Czarny pieprz
5227;Czekolada
5228;Czekolada alpen gold
5229;Czekolada biała
5230;Czekolada deserowa
5231;Czekolada gorzka
5232;Czekolada i wyroby czekoladowe
5233;Czekolada kawowa
5234;Czekolada mleczna
5235;Czekolada mleczna z orzechami
5236;Czekolada mleczna z orzechami laskowymi
5237;Czekolada nadziewana
5238;Czekolada nugatowa
5239;Czekolada pełnomleczna z całymi orzechami
5240;Czekolada z orzechami
5241;Czekolada z orzechami laskowymi
11390;Czekoladka
5242;Czekoladka kinder niespodzianka
11317;Czekoladki
5245;Czekoladki mon cheri
5246;Czekoladki raffaello
5248;Czekoladowa posypka do deserów
5249;Czekoladowe jajeczka
5250;Czekoladowy mus
11254;Czereśnia
5251;Czereśnie
11524;Czerniak
5252;Czerniak bez skóry
12070;Czerwona cebula
11387;Czerwone porzeczki
5253;Czerwone wino
11999;Czerwony makaron o smaku pomidorów
5254;Czosnek
12028;Czosnek askaloński
5255;Czosnek pospolity
5256;Czosnek surowy
5257;Ćwikła
11256;Daktyl
5258;Daktyle
5259;Daktyle suszone
5273;Delma
5274;Delma kanapkowa
11394;Deser
5275;Deser ryżowy jabłkowy
5276;Deser ryżowy waniliowy
11537;Deser twarogowy termizowany
5277;Deser twarogowy termizowany kakaowy
5278;Deser twarogowy termizowany truskawkowy
11321;Desery
5280;Desrer twarogowy termizowany
11190;Dodatki do ciast
11323;Dodatki do deserów
11659;Dodatki do drinków
7964;Dorsz
11279;Dorsz atlantycki
5281;Dorsz filet bez skóry
7966;Dorsz filety
7967;Dorsz głowa
5284;Dorsz świeży
5285;Dorsz świeży - filety bez skóry
5289;Dorsz wędzony
5290;Dorsz z rusztu
11660;Drinki
5300;Drobiowa wątróbka
5301;Drobiowe serca
5303;Drożdże
11979;Drożdże instant
5304;Drożdże piekarskie
5305;Drożdże prasowane
5306;Drożdże suszone
5307;Drożdże w kostce
11305;Drób
11260;Dymek
5313;Dymka
5314;Dynia
5315;Dynia surowa
11303;Dziczyzna
5318;Dzik - szynka
5319;Dżem
11674;Dżem ananasowy
5320;Dżem ananasowy niskosłodzony
11729;Dżem brzoskwiniowy niskosłodzony
11680;Dżem gruszkowy
11737;Dżem jagodowy niskosłodzony
11558;Dżem malinowy
11559;Dżem malinowy niskosłodzony
11673;Dżem morelowy
5321;Dżem morelowy niskosłodzony
5322;Dżem niskosłodz.
5323;Dżem niskosłodzony
11745;Dżem pomarańczowy niskosłodzony
11679;Dżem porzeczkowy
11560;Dżem śliwkowy
5324;Dżem śliwkowy - niskosłodzony
11753;Dżem śliwkowy niskosłodzony
11761;Dżem śliwkowy wysokosłodzony
11562;Dżem truskawka
11675;Dżem truskawkowy
5327;Dżem truskawkowy - wysokosłodzony
5325;Dżem truskawkowy niskosłodzony
5326;Dżem truskawkowy wysokosłodzony
11676;Dżem wiśniowy
11677;Dżem wiśniowy niskosłodzony
11769;Dżem wiśniowy wysokosłodzony
5330;Dżem wysokosłodzony
11678;Dżem z czarnej porzeczki
5331;Dżem z czarnej porzeczki - niskosłodzony
11776;Dżem z czarnych porzeczek niskosłodzony
11783;Dżem z czarnych porzeczek wysokosłodzony
11563;Dżem z gruszki
11790;Dżem z kiwi niskosłodzony
11564;Dżem z porzeczki
11561;Dżem z śliwki
11176;Dżemy
5332;Dżemy diavita
5333;Dżemy niskosłodzone
5334;Dżemy wysokosłodzone
5335;Dżin
5336;Edamski tłusty
5344;Ementaler pełnotłusty
5345;Endywia
5346;Endywia (sałata)
5347;Espresso
7932;Estragon
7934;Estragon suszony
7933;Estragon świeży
7978;Fasola
5350;Fasola biała
5352;Fasola biała - konserwowa
11797;Fasola biała - nasiona suche
5353;Fasola biała - sucha
5354;Fasola biała - suche nasiona
5355;Fasola biała - ziarno suche
5351;Fasola biała nasiona suche
11154;Fasola cięta - konserwowa bez zalewy
5356;Fasola cięta konserwowa
11804;Fasola cięta konserwowa - bez zalewy
11243;Fasola czarna
5358;Fasola czarna - sucha
5359;Fasola czerwona
5362;Fasola czerwona - konserwowa
5360;Fasola czerwona konser.
11369;Fasola czerwona konserwowa
5361;Fasola czerwona red kidney
11657;Fasola flageolet
11566;Fasola flageolet konserwowa
5364;Fasola kolorowa - sucha
11567;Fasola konserwowa
11245;Fasola konsrwowa
5365;Fasola mung
5366;Fasola mung - kiełki
5367;Fasola mungo
5368;Fasola pinto
11241;Fasola sucha
5370;Fasola szparagowa
5371;Fasola szparagowa konserwowa
5373;Fasola szparagowa z bułką tartą smażoną na maśle
5374;Fasola szparagowa zielona
5375;Fasola szparagowa żółta
5376;Fasoli pinto
11367;Fasolka
5377;Fasolka cięta w zalewie - konserwa
7977;Fasolka czerwona
11665;Fasolka flageolet
5378;Fasolka flageolet konserwowa
5379;Fasolka konserwowa flageolet
5381;Fasolka szparagowa
5383;Fasolka szparagowa konser.
5384;Fasolka szparagowa mrożona
5385;Fasolka szparagowa z bułką tartą
11266;Faworek
5386;Faworki
12055;Feijoa
5389;Feta
5390;Feta light
5391;Feta ser grecki
7768;Figi
5392;Figi suszone
5393;Figi świeże
11206;Filet
12073;Filet biała ryba
7684;Filet cielęcy
7685;Filet dorsza
7686;Filet drobiowy
7976;Filet kurczaka
11672;Filet mięsny
7687;Filet pangi
7688;Filet rybny
7689;Filet ryby morskiej
7690;Filet sledziowy
7683;Filet śledziowy
7691;Filet wołowy
7463;Filet z barweny
11990;Filet z białej ryby
7464;Filet z dorsza
7465;Filet z dorsza atlantyckiego
5394;Filet z dorsza panierowany
7466;Filet z fyby
7467;Filet z indyka
7468;Filet z karmazyna
7469;Filet z kurczaka
7470;Filet z matiasów
7471;Filet z matjasa
7472;Filet z pangi
7473;Filet z perlicy wielkopolskiej
7474;Filet z piersi indyka
7475;Filet z piersi kaczki
7476;Filet z piersi kurczaka
7477;Filet z ryby
7478;Filet z ryby morskiej
11204;Filet z ryby rzecznej
11202;Filet z ryby rzeczno morskiej
7479;Filet z ryby słodkowodnej
7480;Filet ze śledzia
11208;Filet zwierzęcy
7693;Filety pstraga wędzone
7694;Filety rybne
7695;Filety sardeli
7692;Filety śledziowe
7696;Filety z barweny
7697;Filety z białej ryby
7698;Filety z białej ryby morskiej
7699;Filety z dorsza
7700;Filety z kaczki
7701;Filety z kurczaka
7702;Filety z matiasa
7703;Filety z matiesów
7704;Filety z miętusa
7705;Filety z pangi
7706;Filety z piersi kurczaka
7707;Filety z ryb morskich
7708;Filety z ryby
11569;Finea
5397;Finea mix
5398;Finea mix niskokal
5399;Finn crisp onion
11270;Fistaszek
5401;Fistaszki
5402;Fitness
5403;Fitness z owocami
11874;Fix cztery sery z brokułami
11877;Fix do bitej śmietany
11880;Fix do dań chińskich
11883;Fix do kotletów mielonych
11885;Fix do kurczaka
11886;Fix do mięsa
5404;Fix do spagetti
11887;Fix do spaghetti
11888;Fix do spaghetti 4 sery z brokułami
11889;Fix do spaghetti bolognese
11890;Fix do spaghetti neapoli
11891;Fix klopsiki zpiekane z pomidorami i serem
11892;Fix Knorr – Gołąbki bez zawijania
11893;Fix kremowy kurczak z pieczarkami
11894;Fix kurczak
11896;Fix Kurczak po meksykańsku
11897;Fix kurczak w ziołach i śmietanie
11898;Fix zapiekanka ziemniaczana z porem
11899;Fixy
5410;Flądra
5411;Flądra świeża
5412;Flądra wędzona
5413;Flora
12009;Frisee Endywia
5415;Frutina
11683;Galareta mięsna
7289;Galaretka
7293;Galaretka agrestowa
7294;Galaretka brzoskwiniowa
7291;Galaretka cytrynowa
7295;Galaretka czerwona
7296;Galaretka jabłkowa
7297;Galaretka malinowa
11201;Galaretka mięsna
5422;Galaretka owocowa
5423;Galaretka owocowa w proszku
5424;Galaretka pomarańczowa
7298;Galaretka porzeczkowa
7292;Galaretka różnokolorowa
7299;Galaretka truskawkowa
5425;Galaretka wieprzowa
7300;Galaretka wiśniowa
7301;Galaretka z czerwonych porzeczek
5426;Galaretka z dorsza
11825;Galaretka z nórzek wieprzowych
5427;Galaretka z nóżek wieprzowych
7302;Galaretka zielona
7290;Galaretka żółta
5428;Gałka muszkatołowa
5429;Garam masala
11556;Gęś
5432;Gęś - tuszka
5431;Gęś tuszka
5433;Gin
11669;Glony
11832;Gładzica-płastuga świeża
5435;Golonka
5436;Golonka ze skórą wieprzowa
5443;Gorczyca
5444;Gorzka czekolada
5445;Gouda tłusty
5446;Goździk
5447;Goździki
11984;Grahamka
11992;Grana padano
5448;Granat
7750;Grand marnier
5449;Grejfrut
5450;Grejpfrut
5451;Grejpfrut sweetie
5452;Groch
11837;Groch - nasiona suche
5457;Groch - suche nasiona
5458;Groch - suchy
5453;Groch gotowany
5454;Groch konserwowy
5455;Groch nasiona suche
5456;Groch włoski
5459;Groszek
5461;Groszek w zalewie - konserwa
5463;Groszek zielony
5468;Groszek zielony - konserwa
11159;Groszek zielony - konserwowy bez zalewy
5464;Groszek zielony (strąki)
5465;Groszek zielony konserwowy
11714;Groszek zielony konserwowy - bez zalewy
5466;Groszek zielony mrożony
5470;Gruszka
11574;Gruszka chińska
5471;Gruszka suszona
11238;Gruszki
5472;Gruszki suszone
5476;Grzyby
11684;Grzyby marynowane
5479;Grzyby suszone
5487;Halibut
5488;Halibut biały świeży
5489;Halibut świeży
5500;Herbata
5503;Herbata - napar bez cukru
5501;Herbata bez cukru
5502;Herbata z cukrem i cytryna
5504;Herbatnik
5505;Herbatniki
5507;Herbatniki kakaowe
5508;Herbatniki kokosowe
5509;Herbatniki sezamowe
5510;Herbatniki w czekoladzie
5511;Herbatniki z cukrem
5512;Herbatniki z nadzieniem czekoladowym
5513;Herbatniki z nadzieniem owocowym
5514;Hochland light
5515;Homar
5517;Homary
5519;Imbir
11309;Indyk
5528;Indyk - białe mięso ze skórą
5530;Indyk - mięso z piersi bez skóry
11730;Indyk - mięso z podudzia
5531;Indyk - mięso z podudzia ze skórą
5532;Indyk - mięso z udśca ze skórą
5533;Indyk - mięso z udźca ze skórą
11551;Indyk - piersi
5534;Indyk - piersi bez skóry
5535;Indyk - skrzydło
5536;Indyk - skrzydło bez skóry
5520;Indyk - tuszka
5538;Indyk - udo bez skóry
5521;Indyk pieczony
5522;Indyk pierś
5523;Indyk pierś bez skóry
5524;Indyk podudzie ze skórą
5525;Indyk skrzydło bez skóry
5526;Indyk udo bez skóry
5527;Indyk udziec ze skórą
5545;Jabłka suszone
5547;Jabłko
5548;Jabłko suszone
5549;Jabłko świeże
5550;Jagnięcina
11278;Jagoda
5551;Jagody
5552;Jagody - dżem niskosłodzony
11170;Jaja
11476;Jaja gęsie
11475;Jaja kacze
5558;Jaja kurze
5560;Jaja przepiórcze
5561;Jaja sadzone
11474;Jaja strusie
5567;Jajko
11167;Jajko kurze
5569;Jajo
5573;Jajo - 1 szt
5574;Jajo - żółtko
5570;Jajo kurze - białko
5571;Jajo kurze - całe
5572;Jajo kurze - żółtko
5575;Jałowcówka
11901;Jałowiec
5577;Jarmuż
11478;Jarzyny
5580;Jarzyny mrożone
7902;Jasne piwo
11282;Jeżyna
5583;Jeżyny
5585;Jogurt
5587;Jogurt 2 - 5%
5586;Jogurt 2%
11435;Jogurt ananasowy
5590;Jogurt bananowy
11754;Jogurt bananowy 1.5% tłuszczu
11437;Jogurt brzoskwiniowy
5593;Jogurt danone naturalny
5595;Jogurt do picia
5596;Jogurt do picia danonki
12076;Jogurt grecki
11431;Jogurt gruszkowy
5597;Jogurt jagodowy
11762;Jogurt jagodowy 1.5% tłuszczu
11235;Jogurt jogobella
5599;Jogurt jogobella z musli
5600;Jogurt jovi sport line
11432;Jogurt malinowy
5602;Jogurt milko żurawinowy pitny
5603;Jogurt morelowy
11770;Jogurt morelowy 1.5% tłuszczu
5604;Jogurt naturalny
5605;Jogurt naturalny 0%
5607;Jogurt naturalny 2 - 5%
5606;Jogurt naturalny 2%
11777;Jogurt naturalny 2% tłuszczu
5608;Jogurt naturalny bez cukru
11229;Jogurt naturalny z dodatkami
11434;Jogurt o smaku owoców leśnych
5611;Jogurt odtłuszczony
5612;Jogurt orzechowy onken
11233;Jogurt owocowy
5613;Jogurt owocowy 1 - 5%
5614;Jogurt owocowy 2 - 1%
5615;Jogurt owocowy 2 - 7%
11577;Jogurt pianka
11436;Jogurt poziomkowy
5616;Jogurt śmietanowy
5617;Jogurt tesco 0%
5618;Jogurt truskawkowy
11784;Jogurt truskawkowy 1.5% tłuszczu
5619;Jogurt twist owocowy
12078;Jogurt typu greckiego
11433;Jogurt waniliowy
5620;Jogurt wiśniowy
11791;Jogurt wiśniowy 1.5% tłuszczu
5621;Jogurt z kawałkami owoców
5622;Jogurt z kawałkami owoców danone
11237;Jogurt zott
5623;Jogurt-pianka
5624;Kabaczek
11284;Kabanos
5626;Kabanosy
5627;Kabanosy z kurczaka
7972;Kaczka
5631;Kaczka - mięso z piersi
5632;Kaczka - mięso z udka
5633;Kaczka - tuszka
5628;Kaczka dzika tuszka
5629;Kaczka faszerowana
5630;Kaczka tuszka
5634;Kajzerka
5635;Kajzerki
5641;Kakao
5637;Kakao 16%
11798;Kakao 16% - proszek
5638;Kakao 16% proszek
5639;Kakao na mleku
7753;Kakao w proszku
5642;Kakao z mlekiem 2%
5643;Kaki
5644;Kalafior
5646;Kalafior mrożony
5647;Kalafior surowy
5649;Kalafior z wody
5653;Kalarepa
5654;Kalarepa surowa
11286;Kalmar
5655;Kalmary
5656;Kama
5657;Kapary
7721;Kapusta
5659;Kapusta biała
7856;Kapusta cukrowa
5664;Kapusta czerwona
5666;Kapusta kiszona
5669;Kapusta kwaszona
5671;Kapusta młoda
5672;Kapusta pekińska
12005;Kapusta sitowata
11582;Kapusta słodka
5673;Kapusta włoska
11581;Kapusty chińskie
7858;Kapusty chińskiej
7860;Kapusty słodkiej
11290;Karczoch
5679;Karczochy
5680;Kardamon
5681;Kargulena
11212;Karkówka
5683;Karkówka wieprzowa
11275;Karmazyn
5689;Karp
11292;Kartofel
5697;Kartofle
5698;Kasia
11405;Kasza
5700;Kasza gryczana
5703;Kasza gryczana prażona cała
5705;Kasza jaglana
5706;Kasza jęczmienna
11826;Kasza jęczmienna - pęczak
5708;Kasza jęczmienna perłowa
5709;Kasza jęczmienna perłowa sucha
5710;Kasza jęczmienna pęczak
5711;Kasza jęczmienna pęczak sucha
5712;Kasza krakowska
5714;Kasza kuskus
5715;Kasza manna
5718;Kasza manna sucha
5719;Kasza perłowa na sypko
5720;Kasza z pszenicy kus kus sucha
5721;Kaszanka
5722;Kaszanka z kurczaka
5723;Kaszka bananowa bobovita
12037;Kasztany
5725;Kawa
5726;Kawa 3w1
5727;Kawa bez cukru
11510;Kawa cappuccino
5728;Kawa napar bez cukru
11952;Kawa rozpuszczalna
5729;Kawa z cukrem
5730;Kawa z cukrem i śmietaną
5731;Kawa z mlekiem
5732;Kawior
5733;Kawior prawdziwy
5734;Keczup
5735;Kefir
5736;Kefir 1 - 5%
5737;Kefir 2%
11838;Kefir 2% tłuszczu
5738;Kefir 3 - 1%
5739;Kefir bakoma
5742;Ketchup
5743;Ketchup heinz
5746;Kielbasa golonkowa
7673;Kiełbasa
7674;Kiełbasa biała
5747;Kiełbasa biała drobiowa
5748;Kiełbasa biała parzona
7675;Kiełbasa cienka
7676;Kiełbasa czosnkowa
5749;Kiełbasa delikatesowa z kurczaka
11175;Kiełbasa drobiowa
5750;Kiełbasa drobiowa chuda
5751;Kiełbasa husarska
7677;Kiełbasa jałowcowa
5752;Kiełbasa jałowcowa z kurczaka
5753;Kiełbasa kabanos
5754;Kiełbasa kanapkowa z kurczaka
5755;Kiełbasa knyszyńska
5756;Kiełbasa krakowska
5757;Kiełbasa krakowska parzona
5758;Kiełbasa krakowska sucha
5759;Kiełbasa litewska
5760;Kiełbasa mazurska z indyka
5761;Kiełbasa metka
5762;Kiełbasa mielona
5763;Kiełbasa mortadela
5764;Kiełbasa myśliwska
5765;Kiełbasa myśliwska sucha
5766;Kiełbasa parówkowa
5767;Kiełbasa pasztetowa
7678;Kiełbasa piwna
5768;Kiełbasa podlaska z kurczaka
5769;Kiełbasa podsuszana z kurczaka
5770;Kiełbasa podwawelska
5771;Kiełbasa salami
7679;Kiełbasa sardelowa
5772;Kiełbasa starowiejska
7680;Kiełbasa sucha
7681;Kiełbasa swojska
5773;Kiełbasa szynkowa
5774;Kiełbasa szynkowa z indyka
5775;Kiełbasa szynkowa z kurczaka
5776;Kiełbasa śląska
5777;Kiełbasa toruńska
7682;Kiełbasa wędzona
5778;Kiełbasa zwyczajna
5779;Kiełbasa żywiecka
11900;Kiełki
12042;Kiełki buraka
12045;Kiełki chińskiej róży
12047;Kiełki czerwonej kapusty
5780;Kiełki fasoli
5781;Kiełki fasoli - konserwa - odsączone
12048;Kiełki kopru
5782;Kiełki lucerny
12044;Kiełki pora
12049;Kiełki pszenicy
12046;Kiełki słonecznika
5783;Kiełki soi
5784;Kiełki sojowe
5785;Kiełki sojowe z puszki
12043;Kiełki zielonego groszku
5787;Kinder bueno - wafel
5791;Kisiel
11540;Kisiel brzoskwiniowy
11539;Kisiel cytrynowy
11544;Kisiel gruszkowy
11538;Kisiel morelowy
5792;Kisiel porzeczkowy
11543;Kisiel truskawkowy
5793;Kisiel waniliowy
11542;Kisiel wiśniowy
11541;Kisiel żurawinowy
11701;Kiszka
5794;Kiszka kaszana jęczmienna
5795;Kiszka krwista
5796;Kiszka pasztetowa
5797;Kiszona kapusta
5799;Kiwi
5800;Kiwi - dżem niskosłodzony
11294;Klementynka
5801;Klementynki
11846;Klopsiki mielone z mięsa mieszanego
5810;Kminek
11960;Kokos
5815;Kolendra
12026;Kolendra siewna
12027;Kolendra zielona
5823;Koncentrat pomidorowy
5824;Koncentrat pomidorowy 30%
5825;Koncentrat pomidorowy 40%
7663;Konfitura
7665;Konfitura borówkowa
7666;Konfitura brzoskwiniowa
7667;Konfitura malinowa
7668;Konfitura morelowa
7669;Konfitura pomarańczowa
7670;Konfitura truskawkowa
7671;Konfitura wiśniowa
11573;Konfitura z gruszki
7672;Konfitura z róży
7664;Konfitura żurawinowa
5826;Koniak
11299;Konina
5828;Konina - mięso bez kości
5827;Konina bez kości
5829;Konserwa luncheon meat
11590;Konserwa mięsna
11704;Konserwa rybna
5830;Konserwa turystyczna
5831;Koper
5832;Koper ogrodowy
11547;Koper suszony
5834;Koper włoski surowy
5835;Koper zielony
5836;Koperek
11296;Korniszon
5840;Korniszony
7657;Kostka rosołowa
7658;Kostka rosołowa drobiowa
7659;Kostka rosołowa drobiowo-wołowa
7660;Kostka rosołowa jarzynowa
7661;Kostka rosołowa warzywna
7662;Kostka rosołowa z kury
5841;Kostka rosołowa z oliwą
5842;Kostka sojowa
5861;Kozi twarożek
5862;Kozieradka
11298;Krab
5863;Kraby
5864;Krakers
5865;Krakersy cebulowe lajkonik
5866;Krakowska parzona
5867;Krakowska sucha
5868;Krem czekoladowy
5869;Krem czekoladowy nutella
5870;Krem sniadaniowy bonjour czosnkowy
7730;Krem śmietankowy
5871;Krem śniadaniowy z ogórkiem
5872;Krem z zielonego groszku
7728;Kremówka 30%
5874;Krewetki
5875;Krewetki gotowane
11594;Królik
5878;Królik - tuszka
5876;Królik mięso bez kości
5877;Królik tuszka
5879;Krówka
5880;Krówki - cukierki
5887;Ksylitol
5888;Kubuś multiwitamina
5889;Kubuś multiwitamina - napój
5890;Kubuś z marakują
5891;Kukurydza
11747;Kukurydza - kolby
5896;Kukurydza - konserwa
5897;Kukurydza - nasiona świeże
5892;Kukurydza kolby
5893;Kukurydza konserwowa
5894;Kukurydza w puszce
5895;Kukurydza ziarno
5898;Kukurydziane chrupki
7975;Kura
5902;Kura - tuszka
5900;Kura tuszka
7974;Kurczak
5916;Kurczak - białe mięso bez skóry
5917;Kurczak - mięso z piersi bez skóry
5918;Kurczak - mięso z uda ze skórą
5919;Kurczak - piersi bez skóry
5920;Kurczak - piersi ze skórą
5923;Kurczak - tuszka
5924;Kurczak - udko
5925;Kurczak - udo bez skóry
5926;Kurczak - udo ze skórą
5927;Kurczak - wątroba
5928;Kurczak - żołądek
5903;Kurczak ciemne mięso bez skóry
7973;Kurczak piersi
5911;Kurczak pierś bez skóry
5912;Kurczak pierś ze skórą
5913;Kurczak tuszka
5914;Kurczak udo bez skóry
5915;Kurczak udo ze skórą
11221;Kurka
5932;Kurkuma
5933;Kuropatwa
5934;Kuropatwa tuszka
5935;Kuskus
12097;Kwas buraczany
7769;Kwiaty rumianku
5938;Laska wanilii
12082;Laska wanilii burbońskiej
7737;Lemon grass
5941;Leszcz
7303;Likier
5944;Likier advocat
7304;Likier amaretto
7305;Likier bananowy
7306;Likier benedictine
7307;Likier brzoskwiniowy
7308;Likier cassis
7309;Likier cointreau
7310;Likier creme de cacao
5945;Likier curacao
7311;Likier cytrynowy
7312;Likier galiano
7313;Likier galliano
7314;Likier glayva
7315;Likier imbirowy
7316;Likier jajeczny
7317;Likier kawowy
7318;Likier kokosowy
7319;Likier malinowy
7320;Likier mandarynkowy
11870;Likier maraschino
7322;Likier melonowy
7323;Likier miętowy
7324;Likier migdałowy
7325;Likier orzechowy
7326;Likier owocowy
5947;Likier pomarańczowy
7327;Likier porzeczkowy
7328;Likier sambuca
7330;Likier wisniowy
7329;Likier wiśniowy
11222;Likiery
5948;Limonka
5949;Lin
7334;Listek laurowy
7337;Listki laurowe
7284;Liść laurowy
5954;Lody
5955;Lody bakaliowe
5956;Lody bounty
5957;Lody czekoladowe
5958;Lody kakaowe
5959;Lody kawowe
5964;Lody mleczne
5965;Lody mleczno-owocowe
5966;Lody orzechowe
5967;Lody owocowe
5969;Lody śmietankowe
5970;Lody waniliowe
5971;Lody z polewa truskawkowa
5972;Lody zielona budka
12017;Lollo Bianco
12018;Lollo Rosso
7283;Lód
5973;Lubczyk
11545;Lukier
5974;Lukier ciemny
5975;Lukier jasny
5976;Łodygi selera
5977;Łopatka
5978;Łopatka barania
5979;Łopatka cielęca
5980;Łopatka wieprzowa
7742;Łopian
5981;Łosoś
11763;Łosoś swieży
5984;Łosoś świeży
5985;Łosoś wędzony
5986;Łosoś z rusztu
5989;Maca tradycyjna pieczywko
5990;Maggi
5991;Magi
5992;Majeranek
5993;Majonez
11771;Majonez domowy z olejem rzepakowym
5994;Majonez domowy z olejem słonecznikowym
5995;Majonez z olejem rzepakowym
5996;Majonez z olejem słonecznikowym
5997;Mak
5998;Mak niebieski
5999;Makarkon rurki
6000;Makaron
6001;Makaron bezjajeczny
6002;Makaron bezjajeczny z pszenicy durum
6003;Makaron cannelloni
6004;Makaron czterojajeczny
6005;Makaron dwujajeczny
6008;Makaron gwiazdki
6009;Makaron kokardki primo gusto
6010;Makaron kolorowy
6011;Makaron lazania
6013;Makaron pastine
6014;Makaron penne
6015;Makaron ryżowy
6016;Makaron spaghetti
11988;Makaron w kształcie rurek
11596;Makrela
6023;Makrela surowa
6026;Makrela w oleju
6028;Makrela wędzona
6032;Malaga
6033;Malina
6034;Maliny
6035;Mała bułka zwykła
11302;Małż
6036;Małże
11951;Małże hiszpańskie
11950;Małże Św. Jakuba
6037;Mandarynka
6038;Mandarynki
6041;Mango
6042;Mango w syropie
12052;Maniok
6043;Manna
6044;Maracuja
6045;Marakuja
7321;Maraschino
6046;Marchew
6047;Marchew konserwowa
6048;Marchew mrożona
6049;Marchew surowa
6053;Marchewka
6057;Margaryna
11806;Margaryna "bona"
11813;Margaryna "flora"
11820;Margaryna "kama"
11827;Margaryna "palma"
11834;Margaryna "rama"
11839;Margaryna "słoneczna"
11843;Margaryna "tina"
6058;Margaryna 45%
6059;Margaryna 50%
6060;Margaryna 60%
6061;Margaryna 70%
11505;Margaryna bona
11441;Margaryna do pieczenia i gotowania
11439;Margaryna do smarowania
11570;Margaryna finea
11571;Margaryna flora
11578;Margaryna kama
11583;Margaryna kasia
11602;Margaryna maryna
11438;Margaryna miękka
6062;Margaryna mleczna
6063;Margaryna mleczna 80%
11599;Margaryna palma
11603;Margaryna pani domu
11598;Margaryna planta
11597;Margaryna rama
11600;Margaryna słoneczna
6064;Margaryna słoneczna 80%
11605;Margaryna śniadaniowa
11604;Margaryna tina
11440;Margaryna twarda
11601;Margaryna vita
6065;Margaryna zwykła
6068;Marmolada
6070;Marsala
7891;Martini dry
6071;Martini wytrawne
6073;Mascarpone
6075;Masło
6076;Masło ekstra
6077;Masło extra
6078;Masło masmix
6079;Masło orzechowe
6080;Masło roślinne
11849;Masło roślinne "nova"
11851;Masło roślinne kubkowe
6081;Masło roślinne kubkowe 80%
6082;Masło roślinne mr
6083;Masło roślinne nova
6084;Masło roślinne zwykłe
6085;Masło śmietankowe
6086;Masło śniadaniowe
6087;Masło wiejskie
6088;Masło z olejem
6089;Masmix
6090;Maślak
6091;Maślanka
6092;Maślanka 0 - 5%
6093;Maślanka 1 - 5%
6094;Maślanka naturalna
6095;Maślanka owocowa
11847;Maślanka spożywcza 0.5% tłuszczu
11606;Maślanka truskawkowa
11273;Matias
6096;Mączka ziemniaczana
6097;Mąka
12094;Mąka chlebowa
6098;Mąka gryczana
6099;Mąka pszenna
11778;Mąka pszenna - typ 500
11785;Mąka pszenna - typ 500 - wzbogacona
11792;Mąka pszenna - typ 550
6100;Mąka pszenna 500
6101;Mąka pszenna 550
12089;Mąka pszenna chlebowa
6102;Mąka pszenna krupczatka
6103;Mąka pszenna luksusowa
6104;Mąka pszenna poznańska
12075;Mąka pszenna razowa
6105;Mąka pszenna typ
6106;Mąka pszenna typ 500
6107;Mąka pszenna typ 550
6108;Mąka pszenna wrocławska
12074;Mąka razowa
6109;Mąka ryżowa
6110;Mąka sojowa
6111;Mąka ziemniaczana
6112;Mąka żytnia razowa
6113;Medaliony z indyka
6115;Melisa
6116;Melon
6117;Metka
6119;Mielonka
6121;Mielonka sojowa
6122;Mielonka wieprzowa - konserwa
7360;Mieszanka chińska mrożona
7362;Mieszanka kandyzowanych owoców
6123;Mieszanka meksykańska
7363;Mieszanka owocowa
11856;Mieszanka owocowa mrozona
6124;Mieszanka owocowa mrożona
7364;Mieszanka przyprawowa do spagetti
7366;Mieszanka suszonych owoców
7367;Mieszanka warzyw
7368;Mieszanka warzywna
7359;Mieszanka warzywna mrożona
11409;Mieszanki przypraw
11667;Mięczaki
11156;Mięso
7343;Mięso cielęce
7344;Mięso gulaszowe
11670;Mięso i produkty mięsne
7345;Mięso królika
11875;Mięso mielone
11878;Mięso mielone wieprzowe
11881;Mięso mielone wołowe
7346;Mięso pieczone
7347;Mięso siekane mieszane
11194;Mięso wędzone
7348;Mięso wieprzowe
6125;Mięso wołowe
7349;Mięso z indyka
7350;Mięso z jagnięcia
7351;Mięso z jelenia
7352;Mięso z kaczki
7353;Mięso z królika
7354;Mięso z kurczaka
7355;Mięso z kury
11852;Mięso z piersi indyka bez skóry
11853;Mięso z podudzia indyka ze skórą
11854;Mięso z ud kurczaka ze skórą
11855;Mięso z udźca indyka ze skórą
6126;Mięta
12034;Mięta czekoladowa
12033;Mięta tradycyjna
11287;Miętus
11308;Migdał
6128;Migdały
6129;Migdały słodkie
6131;Mini wafle ryżowe
6132;Mintaj
6134;Mintaj surowy
6136;Miód
6137;Miód pszczeli
6138;Miód sztuczny
12021;Mizuna
11467;Mleczko do kawy
11622;Mleczko do kawy 0.5% tłuszczu
11962;Mleczko kokosowe
6143;Mleczna
6144;Mleko
6146;Mleko 0 - 5%
6145;Mleko 0%
6147;Mleko 0.5%
6148;Mleko 1 - 5%
6149;Mleko 2%
6150;Mleko 3 - 2 biale wapn
6151;Mleko 3 - 2%
6152;Mleko 3 - 5%
6153;Mleko do kawy zagęszczone niesłodzone
6154;Mleko jogurtowe actimel
11961;Mleko kokosowe
6155;Mleko kozie
11163;Mleko krowie
6156;Mleko niesłodzone
6157;Mleko odtłuszczone
6158;Mleko owcze
12079;Mleko owsiane
6159;Mleko skond. light
6160;Mleko sojowe
6161;Mleko spożywcze
11716;Mleko spożywcze 03.5% tłuszczu
11724;Mleko spożywcze 1.5% tłuszczu
11732;Mleko spożywcze 2% tłuszczu
11740;Mleko spożywcze 3.2% tłuszczu
11748;Mleko spożywcze 3.5% tłuszczu
11756;Mleko uht 0.5% tłuszczu
11764;Mleko uht 1.5% tłuszczu
11772;Mleko uht 3.2% tłuszczu
6162;Mleko w proszku
6163;Mleko w proszku odtłuszczone
6164;Mleko w proszku pełne
11166;Mleko zagęszczone
6165;Mleko zagęszczone nie słodzone
6166;Mleko zagęszczone niesłodzone
6167;Mleko zagęszczone słodzone
6168;Mleko zsiadłe
11160;Mleko zwierzęce
11712;Mlemix zambrowski
6169;Mole
6170;Monte
6171;Monte - deser czekoladowy
6172;Morela
6173;Morele
6177;Morele - dżem niskosłodzony
6174;Morele suszone
6176;Morele w syropie w puszce
6180;Morszczuk
6183;Mortadela
6184;Morwa
11934;Mostek wieprzowy
11933;Mostek wołowy
6185;Mozarella
6186;Mozarella grodzisk maz.
6187;Mozzarella
6188;Muesli
6189;Mus jabłkowy
6190;Mus owocowy
6191;Musli
6192;Musli crunch
6193;Musli czekoladowe
11169;Musli owocowe
6194;Musli sante 6 płatków
6195;Musli tropikalne
6196;Musli z orzechami
11779;Musli z orzechami i rodzynkami
6197;Musli z owocami
6198;Musli z owocami suszonymi
6199;Musli z rodzynkami i orzechami
6200;Muszkatołowiec
6201;Musztarda
12008;Musztardowiec
12007;Musztardowiec czerwony
12006;Musztardowiec zielony
6202;Myśliwska
11164;Nabiał
6203;Naktarynki
11428;Nalewka
11218;Nalewki
11355;Napoje
6206;Napoje gazowane
11786;Napoje gazowane o smaku owocowym
11640;Napoje gorące
11351;Napoje i alkohole
11638;Napoje niegazowane
11406;Napój
6210;Napój mleczny
6211;Napój mleczny jogurtowy
6212;Napój mleczny kakaowy
6213;Napój owocowy gazowany
6214;Nashi
11403;Nasiona
7752;Nasiona anyżu
11412;Nasiono
7741;Natka
6215;Natka pietruszki
11353;Nektar
6216;Nektar brzoskwiniowy
6217;Nektar morelowy
6218;Nektar owocowy
6219;Nektar pomarańczowy sunfruit - biedronka
6220;Nektar śliwkowy
6221;Nektar z czarnej porzeczki
11228;Nektary
6222;Nektarynka
6224;Nektarynki
6225;Nerki wieprzowe
6226;Nerkowce
11310;Nerkowiec
6227;Nesquik
6231;Nogi w galarecie
6232;Nogi wieprzowe
11668;Nori
6234;Oberżyna
11312;Obwarzanek
6235;Obwarzanki
6236;Ocet
6237;Ocet balsamiczny
11958;Ocet ryżowy
6238;Ocet winny
11932;Ogon wieprzowy
11931;Ogon wołowy
6240;Ogórek
6241;Ogórek kiszony
6242;Ogórek konserwowy
6243;Ogórek korniszon
6244;Ogórek kwaszony
11234;Ogórki
6246;Ogórki konserwowe
6247;Ogórki surowe
6248;Okoń
11959;Okoń nilowy
12051;Okra
6249;Olej
6250;Olej kukurydziany
6251;Olej lniany
12000;Olej roślinne
6258;Olej roślinny
6252;Olej rzepakowo-sojowy
6253;Olej rzepakowy
11800;Olej rzepakowy o obniżonej zawartości kwasu erukowego
6254;Olej rzepakowy tłoczony na zimno
6255;Olej rzepakowy uniwersalny
12001;Olej sezamowy
6256;Olej słonecznikowy
6257;Olej sojowy
7650;Olejek arakowy
7651;Olejek cytrynowy
7652;Olejek migdałowy
7653;Olejek pomarańczowy
7654;Olejek rumowy
7649;Olejek śmietankowy
7655;Olejek waniliowy
7656;Olejek zapachowy
6259;Oliwa
11947;Oliwa extra vergine
6260;Oliwa z oliwek
12071;Oliwa z oliwek extra virgine
11314;Oliwka
6261;Oliwki
6262;Oliwki czarne
6263;Oliwki czarne - marynowane
6264;Oliwki w zalewie
6265;Oliwki zielone
6267;Oliwki zielone - marynowane
6266;Oliwki zielone marynowane
6271;Oregano
11316;Orzech
11861;Orzech włoski
6272;Orzechy
6273;Orzechy arachidowe
6274;Orzechy brazylijskie
6275;Orzechy cashew (nerkowce)
6276;Orzechy laskowe
6277;Orzechy nerkowca
6278;Orzechy nerkowce
6279;Orzechy pecan
6280;Orzechy pistacjowe
6281;Orzechy w czekoladzie wedel
6282;Orzechy w czekoladzie wedla
6283;Orzechy włoskie
6284;Orzechy ziemne
7640;Orzeszki arachdowe prażone
11641;Orzeszki arachidowe prażone
7641;Orzeszki cashew
7642;Orzeszki laskowe posiekane
7643;Orzeszki pekana
7644;Orzeszki pinii
6285;Orzeszki piniowe
7645;Orzeszki pinoli
7646;Orzeszki pistacjowe
7647;Orzeszki solone
7648;Orzeszki włoskie
6286;Orzeszki ziemne
7739;Oscypek
11318;Ostryga
6287;Ostrygi
11942;Ostryż długi
11946;Ośmiornica
12067;Otręby
6288;Otręby granulowane
6290;Otręby pszenne
12068;Otręby żytnie
11213;Owoce
11477;Owoce i jarzyny
11363;Owoce i warzywa
6291;Owoce jałowca
11642;Owoce kandyzowne
11395;Owoce konserwowe
11391;Owoce leśne
11199;Owoce marynowane
11295;Owoce morza
11389;Owoce mrorzone
6292;Owoce mrożone
11920;Owoce suszone
6293;Ozory cielęce
6294;Ozory wieprzowe
6295;Ozór wieprzowy
11930;Pachwina wołowa
12022;Pak Choi
6296;Palma
11293;Panga
6304;Papaja
7955;Papier ryżowy
6305;Papryczka chili
7481;Papryczka chilli
7482;Papryczka ostra
7483;Papryczka peperoni
7484;Papryczka pepperoni
7755;Papryczki jalapeno
7757;Papryczki żółte
6306;Papryka
6307;Papryka czerwona
6309;Papryka czerwona konserwowa
11549;Papryka czerwona łagodna
11548;Papryka czerwona ostra
6310;Papryka czerwona surowa
6312;Papryka konserwowa
6315;Papryka ostra
6316;Papryka pepperoni
12085;Papryka pikantna
6317;Papryka słodka
12086;Papryka we proszku
6318;Papryka zielona
6320;Papryka zielona surowa
6321;Papryka żółta
6322;Paprykarz "szczeciński"
6323;Paprykarz szczeciński
6324;Parmezan
11320;Parówka
6325;Parówki
6326;Parówki drobiowe
6327;Parówki morlinki
6328;Parówki popularne
6329;Parówki z indyka z serem
6330;Parówki z kurczaka
6331;Parówkowa
6332;Pasta jajeczna
6333;Pasta rybna
6335;Pasta z makreli
6336;Pasternak
6348;Pasztetowa
6349;Pasztetowa drobiowa
11557;Patisony
6350;Patisony marynowane
6353;Pekińska kapusta
11307;Perlica wielkopolska
6356;Pernod
5317;Pestki dyni
6358;Pestki słonecznika
6359;Pestki z dyni
6360;Petit beurre
6361;Pędy bambusa
6362;Philadelphia light
6363;Piatnica ze szczypiorkiem
11322;Pieczarka
6364;Pieczarka suszona
6365;Pieczarka świeża
6366;Pieczarka uprawna
11807;Pieczarka uprawna świeża
6367;Pieczarki
11185;Pieczywo
11311;Pieczywo białe
6375;Pieczywo chrupkie
6376;Pieczywo chrupkie pszenne wasa
6377;Pieczywo chrupkie z sezamem
11349;Pieczywo ciemne
11341;Pieczywo francuskie
11181;Pieczywo graham
11313;Pieczywo jasne
11191;Pieczywo mieszane
11345;Pieczywo pełnoziarniste
11821;Pieczywo półfrancuskie
11828;Pieczywo półfrancuskie z dżemem
11835;Pieczywo półfrancuskie z serem
11187;Pieczywo pszenne
11179;Pieczywo razowe
11347;Pieczywo słodkie
6378;Pieczywo tostowe
6380;Pieczywo tostowe - pszenne
6379;Pieczywo tostowe graham
11183;Pieczywo żytnie
6382;Pieprz
6383;Pieprz biały
12003;Pieprz cayenne
6384;Pieprz czarny
6385;Pieprz czerwony
12096;Pieprz kolorowy
6386;Pieprz turecki
6387;Pieprz zielony
11326;Pieprzyć
6412;Piersi indycze
6413;Piersi z kurczaka
6414;Pierś z kurczaka surowa
6415;Pietruszka
6419;Pietruszka - korzeń
11840;Pietruszka - liście
6420;Pietruszka - nać
6421;Pietruszka - natka
12038;Pietruszka dekoracyjna
6416;Pietruszka korzeń
6418;Pietruszka liście
11546;Pietruszka suszona
6422;Pigwa
6423;Pikling
6424;Pikling wędzony
11332;Pistacja
6425;Pistacje
6426;Pita
7897;Piwo
6427;Piwo bezalkoholowe
7898;Piwo budweiser budvar
7899;Piwo carlsberg
7900;Piwo ciemne
6428;Piwo ciemne 10 - 1 - 15%
6429;Piwo ciemne pełne
6430;Piwo guiness
7903;Piwo guinness
7904;Piwo imbirowe
6431;Piwo jasne
6432;Piwo jasne mocne
6433;Piwo jasne pełne
7905;Piwo karmi
6434;Piwo pełne
6435;Piwo pełne 10-15%
6436;Piwo pełne jasne
6437;Piwo pilsner
7906;Piwo porter
6438;Piwo porter 22%
6439;Piwo słodowe
6452;Planta
11611;Płastuga
6453;Płastuga świeża
12092;Płatki
11647;Płatki cheerios
6454;Płatki jęczmienne
6455;Płatki kukurydziane
12090;Płatki migdałowe
6456;Płatki miodowe
6457;Płatki owsiane
6459;Płatki pszenne
6460;Płatki ryzowe
11198;Płatki śniadaniowe
6461;Płatki vitalis
6462;Płatki żytnie
6463;Płoć
11301;Podroby
6464;Podwawelska
11334;Podwawelski
7288;Polewa czekoladowa
6465;Polędwica
6466;Polędwica sopocka
6467;Polędwica wędzona
6468;Polędwica wołowa
6470;Polędwica z indyka
6471;Polędwica z indyka dla dzieci
6472;Polędwica z piersi kurczaka
6473;Pomarańcza
11522;Pomarańcza olbrzymia
6474;Pomarańcze
6475;Pomarańcze - dżem niskosłodzony
6476;Pomelo
6477;Pomidor
12093;Pomidor z gałązki
6479;Pomidory
6480;Pomidory konserwowe
6482;Pomidory surowe
6483;Pomidory w puszce
6486;Por
6487;Porto
12025;Portulak
12023;Portulaka pospolita
12024;Portulaka warzywna
6488;Pory
6490;Pory surowe
11408;Porzeczka
11385;Porzeczki
6491;Porzeczki białe
6492;Porzeczki czarne
6493;Porzeczki czarne mrożone
6494;Porzeczki czerwone
6495;Positrim koktajl
11915;Potrawy
6497;Powidła śliwkowe
6498;Poziomki
11575;Prawdziwki
11338;Precelek
6499;Precelki
11929;Pręga wołowa
11430;Produkty mleczne
11653;Produkty słone
11401;Produkty sypkie
11196;Produkty śniadaniowe
6505;Proszek do pieczenia
11664;Prudukty mleczne
6506;Przecier pomidorowy
6508;Przepiórka
11174;Przetwory
11686;Przetwory mięsne
11393;Przetwory owocowe
11692;Przetwory rybne
11379;Przetwory warzywne
11420;Przetwór
11411;Przprawy płynne
11414;Przyprawa
11717;Przyprawa "jarzynka"
7497;Przyprawa 5 smaków
7498;Przyprawa chińska
7499;Przyprawa czosnkowa
7485;Przyprawa do drobiu
7486;Przyprawa do grilla
7487;Przyprawa do gyrosa
7488;Przyprawa do kapusty
7489;Przyprawa do kurczaka
7490;Przyprawa do kurczaka złocista
7491;Przyprawa do marynowania mięsa
7492;Przyprawa do mięs
7493;Przyprawa do mięsa wieprzowego
7494;Przyprawa do ryb
7495;Przyprawa do sałatek
11938;Przyprawa do ziemniaków
7496;Przyprawa do zup
6509;Przyprawa do zup maggi
7500;Przyprawa egzotyczna
7501;Przyprawa gyros
6510;Przyprawa jarzynka
7502;Przyprawa jarzynowa
7503;Przyprawa korzenna
7504;Przyprawa meksykańska
7505;Przyprawa piernikowa
6511;Przyprawa pięciu smaków (mieszanka chińska)
7506;Przyprawa prowansalska
7507;Przyprawa samboal oelek
7508;Przyprawa uniwersalna
7509;Przyprawa vegeta
7511;Przyprawa warzywko
7512;Przyprawa warzywna
7510;Przyprawa włoska
7513;Przyprawa ziołowa
11407;Przyprawy
11939;Przyprawy do ziemniaków
11423;Przyprawy korzenne
11421;Przyprawy sypkie
11413;Przyprawy ziołowe
6512;Pstrąg
12064;Pstrąg strumieniowy
12065;Pstrąg tęczowy
11618;Ptactwo
11619;Ptactwo domowe
11620;Ptactwo dzikie
6522;Pudding
6525;Pumpernikiel
6532;Quatre epices
6534;Rabarbar
12014;Radicchio
11612;Raki
6536;Rama
6537;Rama classic
12088;Rdzawiec
11344;Renkloda
6540;Renklody
6541;Ricotta
11346;Rodzynka
6545;Rodzynki
6546;Rodzynki suszone
6547;Rogal
6548;Rokpol pełnotłusty
11995;Roquefort
11928;rostbef
6556;Rostbef wołowy
12020;Roszponka
11927;Rozbratel
6557;Rozbratel wołowy
6558;Rozmaryn
6560;Rukola
6561;Rum
11481;Rum 40 %
11658;Rum 40 °
11479;Rum 40%
6562;Rum 40°
6563;Rum stroh
11926;Rumsztyk
11261;Ryba
11269;Ryba morska
11285;Ryba rzeczna
11263;Ryba rzeczno morska
11291;Ryba słodkowodna
11265;Ryba słono i słodko wodna
11283;Ryba słonowodna
11706;Ryba w oleju
11216;Ryba wędzona
11671;Ryby i owoce morza
11210;Ryby wedzone
6566;Ryż
6567;Ryż arborio
6568;Ryż biały
6569;Ryż błyskawiczny
6570;Ryż brązowy
6571;Ryż ciemny
6572;Ryż długoziarnisty
6573;Ryż dziki amerykański
6575;Ryż na mleku
6578;Ryż preparowany
6579;Ryż z jabłkami
11350;Rzep
6580;Rzepa
6582;Rzeżucha
6583;Rzeżucha (pieprzyca siewna)
6584;Rzodkiewka
6585;Salami
6586;Salami luksusowe
6587;Salami niemieckie
6588;Salami pełnotłusty
6589;Salami popularne
11621;Salceson
6590;Salceson brunszwicki
6591;Salceson czarny
6592;Salceson ozorkowy
6593;Salceson włoski
6594;Sałata
12012;Sałata dębolistna
12011;Sałata dębowa
6595;Sałata endywia
6596;Sałata głowiasta
6597;Sałata lodowa
12016;Sałata Lollo Bianco
12015;Sałata Lollo Rosso
12019;Sałata masłowa
12013;Sałata Radicchio
12010;Sałata rzymska
6599;Sałata zielona
6616;Sambal oelek
6617;Sandacz
6620;Sangria
6621;Sangrita
6622;Sante musli
11277;Sardela
6624;Sardyna w oleju
6625;Sardyna w pomidorach
6626;Sardynka w oleju
6627;Sardynka w pomidorach
11607;Sardynki
6628;Sardynki w oleju - konserwa
6629;Sardynki w sosie pomidorowym - konserwa
11608;Sardyny
6630;Sarnina
7738;Schab
6634;Schab surowy wieprzowy
6635;Schab wędzony
6637;Seler
6643;Seler - korzeń
6644;Seler - nać
11749;Seler korzeniowy
6638;Seler korzenny
6639;Seler korzeń
6640;Seler naciowy
6642;Seler naciowy surowy
11172;Ser
11757;Ser - brie pełnotłusty
11765;Ser - camembert pełnotłusty
11773;Ser - cheddar pełnotłusty
11780;Ser - edamski pełnotłusty
11787;Ser - edamski tłusty
11794;Ser - gouda tłusty
11801;Ser - myśliwski pełnotłusty
11808;Ser - parmezan
11815;Ser - rokpol pełnotłusty
11822;Ser - salami pełnotłusty
11829;Ser - tylżycki pełnotłusty
11836;Ser - tylżycki tłusty
11624;Ser almette
6645;Ser almette jogurtowy
6646;Ser almette z ziołami
6647;Ser almette ze szczypiorkiem
7527;Ser arla apetina
7528;Ser aromatyczny
7531;Ser biały
6648;Ser biały campina
6649;Ser biały chudy
6650;Ser biały tłusty
7530;Ser biły
7529;Ser błękitny
6651;Ser brie
6652;Ser brie pełnotłusty
6653;Ser bryndza
7533;Ser cambert
6654;Ser camembert
6655;Ser camembert pełnotłusty
7534;Ser chedar
6656;Ser cheddar
6657;Ser cheddar pełnotłusty
11987;Ser dojrzewający
11453;Ser edam
7535;Ser edamski
6658;Ser edamski pełnotłusty
6659;Ser edamski tłusty
7536;Ser ementaler
6660;Ser ementaler pełnotłusty
6661;Ser ementaler tłusty
6662;Ser feta
6663;Ser gorgonzola
6664;Ser gorgonzola pleśniowy
7537;Ser gouda
6665;Ser gouda pełnotłusty
6666;Ser gouda tłusty
6667;Ser grecki feta
7538;Ser gruye starty
7539;Ser gruyere
7540;Ser harceński
11633;Ser hochland
6668;Ser hochland light gouda
7541;Ser homogenizowany
7542;Ser kozi
6669;Ser krówka śmieszka(7x18.57)
7543;Ser lazur
6670;Ser łososiowy
6671;Ser mascarpone
7544;Ser mazurski
7545;Ser miękki
7546;Ser mini-mozzarelli lovilio
6672;Ser mozarella
7547;Ser mozzarela
7548;Ser mozzarela lovilio
7549;Ser mozzarela opakowania
6673;Ser mozzarella
6674;Ser mozzarella pełnotłusty
6675;Ser mozzarella tłusty
6676;Ser myśliwski
6677;Ser myśliwski pełnotłusty
12084;Ser niebieski
7550;Ser ostry
7551;Ser owczy
6678;Ser parmezan
7557;Ser plesniowy
7558;Ser plesniowy gorgonzola
7553;Ser pleśniowy
6679;Ser pleśniowy brie pełnotłusty
7554;Ser pleśniowy gorgonzola
7555;Ser pleśniowy gorgonzoli bluedino
7556;Ser pleśniowy niebieski
6680;Ser pleśniowy rokpol pełnotłusty
11996;Ser pleśniowy roquefort
6681;Ser podpuszczkowy brie pełnotłusty
6682;Ser podpuszczkowy camembert tłusty
6683;Ser podpuszczkowy cheddar pełnotłusty
6684;Ser podpuszczkowy ementaler pełnotłusty
6685;Ser podpuszczkowy ementaler tłusty
6686;Ser podpuszczkowy gouda tłusty
6687;Ser podpuszczkowy mozarella tłusty
6688;Ser podpuszczkowy myśliwski pełnotłusty
6689;Ser podpuszczkowy parmezan
6690;Ser podpuszczkowy salami pełnotłusty
6691;Ser podpuszczkowy salami tłusty
6692;Ser podpuszczkowy tylżycki pełnotłusty
6693;Ser podpuszczkowy tylżycki tłusty
11913;Ser podpuszczowy Bryndza
11623;Ser podpuszkowy parmezan
7552;Ser półtusty zmielony
7559;Ser provolone
6694;Ser ricotta
7560;Ser rokfor
6695;Ser rokpol
6696;Ser rokpol pełnotłusty
6697;Ser rokpol pleśniowy
6698;Ser romadur
7561;Ser roquefort
6699;Ser roquefort pleśniowy
11631;Ser salami
6700;Ser salami pełnotłusty
6701;Ser salami tłusty
6702;Ser sojowy tofu
7562;Ser starty
7563;Ser szwajcarski
7564;Ser szwajcarski starty
6703;Ser śmietankowy
7565;Ser tłusty
6704;Ser topiony
6705;Ser topiony edamski
6706;Ser topiony kremowy edamski
6707;Ser topiony kremowy ementaler
6708;Ser topiony tłusty
6709;Ser topiony tłusty edamski
6710;Ser topiony tłusty ementaler
6711;Ser topiony zott toasty [plaster=19g]
7566;Ser tostowy
6712;Ser tostowy w plasterkach
11632;Ser trapisów
6713;Ser trapisów pełnotłusty
6714;Ser trapisów tłusty
6715;Ser turek brie
7567;Ser twarogowy
6716;Ser twarogowy chudy
6717;Ser twarogowy pełnotłusty
6718;Ser twarogowy półtłusty
6719;Ser twarogowy tłusty
7568;Ser tylżycki
6720;Ser tylżycki pełnotłusty
6721;Ser tylżycki tłusty
11841;Ser typu "feta"
7569;Ser utarty
7571;Ser w plasterkach
6722;Ser walenty
7572;Ser warmiński
7570;Ser wędzony
7574;Ser z niebieską pleśnią
7575;Ser ziołowy
7576;Ser zmielony
7573;Ser zółty
6723;Ser żółty
11945;Ser żółtyBursztyn
6724;Serca wieprzowe
6725;Serdelki drobiowe
6726;Serdelki drobiwe
11937;serek
6727;Serek bieluch
6728;Serek brzoskwiniowy danone
6729;Serek fromage
6730;Serek fromage naturalny
6731;Serek fromage z czosnkiem
6732;Serek homogenizowany
11442;Serek homogenizowany o smaku truskawkowym
11443;Serek homogenizowany o smaku waniliowym
6733;Serek homogenizowany truskawkowy
6734;Serek homogenizowany waniliowy
6735;Serek naturalny
6736;Serek ostrowia
6737;Serek topiony
11625;Serek topiony naturalny
11628;Serek topiony z papryką
11626;Serek topiony z pieczarkami
11629;Serek topiony z szynką
11627;Serek topiony ze szczypiorkiem
6738;Serek turek
6739;Serek twarogowy homogenizowany owocowy
6740;Serek twarogowy homogenizowany pełnotłusty
6741;Serek twarogowy homogenizowany truskawkowy
6742;Serek twarogowy homogenizowany waniliowy
6743;Serek twarogowy naturalny figura turek
6744;Serek twarogowy ziarnisty
11845;Serek typu "fromage"
11848;Serek typu "fromage" naturalnu
11850;Serek typu "fromage" z czosnkiem
6745;Serek wiejski
6746;Serek wiejski 150 g - 3%
6747;Serek wiejski lekki 3% piątnica
6748;Serek z piątnicy
11634;Serki
11630;Serki topione
6755;Serwatka
6756;Serwatka płynna
11466;Sery
11465;Sery chude
11460;Sery kwasowe
11458;Sery kwasowo-podpuszkowe
11456;Sery miękkie
11461;Sery pełnotłuste
11451;Sery pleśniowe
11459;Sery podpuszkowe
11464;Sery półtłuste
11452;Sery półtwarde
11462;Sery śmietankowe
11463;Sery tłuste
11454;Sery twarde
11457;Sery zwarowe
6757;Sezam
11485;Sherry
6759;Sherry wytrawne
6761;Sieja
12066;siemię lniane
12058;Skorzonera
7745;Skóra cytrynowa
7744;Skóra cytryny
7747;Skóra z cytryny
7743;Skórka cytrynowa
6762;Skórka pomarańczowa
7746;Skórka z cytryny
11687;Skrobia
6763;Skrobia kukurydziana
6764;Skrobia ziemniaczana
11993;Skrzydełka kurczaka
11553;Skrzydełka z kaczki
6765;Skrzydło bez skóry indycze
11718;Skrzydło indyka
11726;Skrzydło kurczaka
7861;Słodka kapusta
11315;Słodycze
11337;Słodycze gotowe
6767;Słoneczna
6768;Słonecznik
6771;Słonecznik - nasiona
6769;Słonecznik nasiona
6770;Słonecznik ziarno
6772;Słonina
6773;Słonina świeża
6774;Smalec
7819;Smażony boczek
11236;Soczewica
6784;Soczewica - kiełki
6785;Soczewica - suche ziarno
6777;Soczewica czerwona
11774;Soczewica czerwona - nasiona suche
6779;Soczewica czerwona - suche nasiona
6778;Soczewica czerwona nasiona suche
6781;Soczewica kiełki
6782;Soczewica sucha
6783;Soczewica zielona
7759;Soczewica żółta
12091;Soda
7749;Soda oczyszczona
6786;Soja
6791;Soja - kiełki
11781;Soja - nasiona suche
6792;Soja - suche nasiona
6793;Soja - suche ziarno
6788;Soja kiełki
6789;Soja nasiona
6790;Soja sucha
11357;Sok
6794;Sok ananasowy
7773;Sok anansowy
7577;Sok bananowy
7775;Sok brzoskwiniowy
6795;Sok cytrynowy
6796;Sok fit
7777;Sok grapefruitowy
6797;Sok grejfrutowy
6798;Sok grejpfrutowy
6799;Sok grejprutowy
7780;Sok grenadina
6800;Sok jabłkowo-miętowy
6801;Sok jabłkowy
7578;Sok jagodowy
6802;Sok jednodniowy
6803;Sok kokosowo-ananasowy tymbark
7579;Sok kokosowy
6804;Sok kubuś
7788;Sok limetkowy
7787;Sok limonkowy
7794;Sok malinowo-żurawinowy
7580;Sok malinowy
6805;Sok marchwi owy
6806;Sok marchwiowo- brzoskwiniowo- jabłkowy
6807;Sok marchwiowo-brzoskwiniowy
6808;Sok marchwiowo-jabłkowo-pomarańczowy
6809;Sok marchwiowo-jabłkowo-tropikalny
6810;Sok marchwiowo-jabłkowy
6811;Sok marchwiowo-jabłk-pomerańcz.
6812;Sok marchwiowo-pomarańczowy
6813;Sok marchwiowy
7782;Sok morelowy
7784;Sok multiwitamina
7581;Sok owocowy
7785;Sok pomaranczowy
6814;Sok pomarańczowy
6815;Sok pomidorowy
7583;Sok porzeczkowy
6816;Sok sel-march
7771;Sok śliwkowy
7584;Sok truskawkowy
7586;Sok wieloowocowy
6817;Sok wielowarzywny
6818;Sok wielo-warzywny
6819;Sok winogronowy
7587;Sok wisniowy
7585;Sok wiśniowy
7774;Sok z ananasa
7589;Sok z anasa w puszce
7776;Sok z brzoskwini
7786;Sok z cyrtyny
7590;Sok z cytrny
6820;Sok z cytryny
7591;Sok z cytyny
6821;Sok z czarnej porzeczki
6822;Sok z czarnej porzeczki i jabłek
7592;Sok z czerwonych porzeczek
7790;Sok z dwóch limetek
7778;Sok z grapefruita
7593;Sok z grejfruta
7588;Sok z grejpefruta bialego
7779;Sok z grejpfruta
7781;Sok z grenadiny
7594;Sok z kwaszonej kapusty
7791;Sok z lemonki
7789;Sok z limetki
7595;Sok z limety
11985;Sok z limonki
7792;Sok z marakuji
11788;Sok z marchwi - jabłek i owoców tropikalnych
7783;Sok z moreli
7793;Sok z porzeczki
7772;Sok z śliwek
6823;Sok żurawinowy
11230;Soki
6824;Soki owocowe nisko i sztukaosłodzone
11232;Soki warzywne
6825;Sola
6826;Sola świeża
12041;Soliród
6828;Sorbet
7597;Sos alla rucola italiami
7598;Sos alla sicilliana itialiamo
7599;Sos balsamiczny
7596;Sos barbecue
7600;Sos beszamelowy
7826;Sos biały
7601;Sos boloński
7827;Sos borowikowy
7828;Sos borowikowy w proszku
7602;Sos brunatny
7840;Sos chilli ostry
7829;Sos chiński
7830;Sos chiński w słoiku
7603;Sos chrzanowy
7604;Sos cygański
7831;Sos czosnkowo-bazyliowy
7605;Sos czosnkowy
7606;Sos do sałatek paprykowo-ziołowy
6829;Sos do spaghetti
12095;Sos do sushi
7832;Sos grecki
7607;Sos grzybowy
7608;Sos hoisin
7833;Sos holenderski
12077;Sos jogurtowo - czosnkowy
7609;Sos jogurtowy
7834;Sos karmelowy
11809;Sos kechup
7835;Sos koperkowo - ziołowy
7610;Sos koperkowo- ziolowy
7854;Sos luizjana
7611;Sos majonezowy
7836;Sos malinowy
7837;Sos meksykański
7838;Sos musztardowo-czosnkowy
7612;Sos musztardowy
7613;Sos neapolitański
7839;Sos ostry chilli
7841;Sos ostrygowy
7842;Sos paprykowo-ziołowy
7614;Sos pesto
7843;Sos pieczarkowy
7615;Sos pieczeniowy
7616;Sos pieczeniowy ciemny
7617;Sos pieczeniowy jasny
6830;Sos pomidorowy
7618;Sos remoulade
7619;Sos rybny
7629;Sos salsa
7844;Sos sałatkowy
7620;Sos sałatkowy cebulowo-ziołowy
7621;Sos sałatkowy czosnkowy
7622;Sos sałatkowy do mizerii
7623;Sos sałatkowy francuski
7624;Sos sałatkowy francuski vinaigrette
7625;Sos sałatkowy grecki
7626;Sos sałatkowy koperkowo-ziołowy
7627;Sos sałatkowy paprykowo-ziołowy
7628;Sos sałatkowy włoski
7845;Sos sezamowo-jogurtowy
6831;Sos słodko-kwasny
7855;Sos słodko-kwaśny
7846;Sos sojowo-grzybowy
6832;Sos sojowy
7639;Sos sojowy jasny
7853;Sos sojowy pikantny
7630;Sos sugo siciliana italiamo
7631;Sos sycylijski italia
7824;Sos śliwkowy
7632;Sos tabasco
7847;Sos tabasko
6833;Sos tatarski
7848;Sos teriyaki
7633;Sos toskański italia
7849;Sos tzatziki
7634;Sos tzatzyki
7635;Sos tzazyki
7740;Sos vinegret
6834;Sos winegret
7850;Sos włoski
7851;Sos wochester
7636;Sos worcester
7637;Sos worcestershire
7852;Sos worchester
7638;Sos z pieczonego drobiu
7825;Sos żurawinowy
11419;Sosy
6835;Sól
11795;Sól biała
6836;Sól kuchenna
11948;Sól morska
7873;Spirytus
7875;Spirytus 70%
7876;Spirytus 80%
7874;Spirytus 90%
7877;Spirytus 95%
7878;Spirytus 96%
6839;Stek wieprzowy
11693;Steki
6840;Steki z łososia
12035;Stevia
11654;Strucla
11552;Struś
6843;Sum
7447;Surowy boczek
7448;Susz warzywny
11997;Suszona żurawina
7449;Suszone borowiki
11989;Suszone oregano
11991;Suszone pomidory
12080;Suszone pomidory w zalewie
7450;Suszone prawdziwki
11429;Syrop
7451;Syrop brzoskwiniowy
7452;Syrop cukrowy
7453;Syrop grenadina
7454;Syrop grenadine
12083;Syrop jabłkowy
7455;Syrop klonowy
7456;Syrop kukurydziany
7457;Syrop malinowy
6881;Syrop truskawkowy
7458;Syrop wiśniowy
12081;Syrop z agawy
7459;Syropu klonowego
11226;Syropy
6882;Szafran
12029;Szalotka
7460;Szałwia
12040;Szałwia kolorowa
7462;Szałwia suszona
6884;Szampan
6886;Szampan półsłodki
6887;Szampan półwytrawny
6888;Szampan słodki
6889;Szampan wytrawny
6891;Szczaw
12050;Szczaw krwisty
6892;Szczupak
6895;Szczypiorek
7445;Sznycel cielęcy
7446;Sznycel wieprzowy
11356;Szparag
6897;Szparagi
6899;Szparagi konserwowe
6900;Szpik
6901;Szpinak
6903;Szpinak mrożony
6904;Szpinak świeży
6905;Szpinak zasmażany
11935;Szponder
6906;Szponder wołowy
11609;Szprot
6907;Szprot wędzony
11372;Szprotka
7434;Szprotki
7435;Szprotki wędzone
6909;Szproty w pomidorach
6910;Sztuka mięsa
6911;Sztuka mięsa wołowego
7436;Szyjki rakowe
7437;Szynka
7428;Szynka chuda
7429;Szynka cielęca
6912;Szynka delikatesowa z kurczaka
6913;Szynka dla dzieci
7430;Szynka dojrzewająca
6914;Szynka drobiowa
6915;Szynka fitness
6916;Szynka gotowana
6917;Szynka konserwowa
7432;Szynka konserwowana
6918;Szynka mielona - konserwowa
6919;Szynka morlinki
7433;Szynka parmeńska
7438;Szynka parmeńska - plastry
7440;Szynka posiekana
7441;Szynka prosciutto
7442;Szynka serrano
6920;Szynka surowa
6921;Szynka surowa wieprzowa
7443;Szynka wędzona
6922;Szynka wędzona gotowana
6923;Szynka wiejska
11924;Szynka Wieprzowa
6924;Szynka wieprzowa gotowana
7444;Szynka wołowa
6925;Szynka wołowa gotowana
6926;Szynka z drobiu
6927;Szynka z indyka
6928;Szynka z piersi kurczaka
6929;Szynka z udśca kurczaka
6930;Szynka z udźca kurczaka
6931;Szynkowa
6932;Szynkowa kiełbasa
6933;Szynkowa z indyka
6934;Szynkowa z kurczaka
11358;Szynkowy
6935;Szynkowy z indyka
6936;Szynkówka wieprzowa
6937;Szynkówka wołowa
6939;Śled w oleju
7369;Śledzie
7371;Śledzie niesolone
7372;Śledzie wędzone
11289;Śledź
11271;Śledź atlantycki
6941;Śledź marynowany
6943;Śledź solony
6944;Śledź surowy
6945;Śledź świeży
6946;Śledź w oleju
11666;Ślimak
6952;Ślimaki
6953;Śliwki
6958;Śliwki - dżem niskosłodzony
6959;Śliwki - dżem wysokosłodzony
6955;Śliwki suszone
6956;Śliwki suszone z pestką
6957;Śliwki świeże
7723;Śliwowica
11866;Śmietan - fix
11871;Śmietan fix
6961;Śmietana
11636;Śmietana - kremówka
6962;Śmietana 12%
11742;Śmietana 12% tłuszczu
6963;Śmietana 18%
11750;Śmietana 18% tłuszczu
6964;Śmietana 30%
6965;Śmietana 36%
6966;Śmietana 9%
11758;Śmietana do kawy 9% tłuszczu
11876;Śmietana fix
11766;Śmietana kremowa 30% tłuszczu
6967;Śmietana kremówka
7727;Śmietana kremówka 30%
7732;Śmietana śnieżka
11879;Śmietanafix
11882;Śmietana-fix
7725;Śmietanfix
7724;Śmietan-fix
6968;Śmietanka
11637;Śmietanka - kremowa
11635;Śmietanka - kremówka
11472;Śmietanka 12 %
7729;Śmietanka 12%
11469;Śmietanka 18%
11468;Śmietanka 30%
11470;Śmietanka 36%
11471;Śmietanka 9%
6969;Śmietanka do kawy
6970;Śmietanka do kawy 9%
11884;Śmietanka fix
6971;Śmietanka kremowa
6972;Śmietanka kremowa 30%
11473;Śmietanka kremówka
6973;Śmietanka w proszku cremona
7726;Śmietanka-kremówka
7731;Śmietankowy krem
6974;Śniadaniowa
11362;Śniadaniowy
7733;Śnieżka
11925;Świńskie nogi
7770;Tabasco
6975;Tarta
6976;Tartare- ziołowy - light
6980;Tina
7285;Tłuszcz
6981;Tłuszcz roślinny planta
11155;Tłuszcze
11219;Tłuszcze płynne
11217;Tłuszcze roślinne
11215;Tłuszcze stałe
11157;Tłuszcze zwierzęce
6985;Tofu
6986;Tołpyga
11923;Tonic
6987;Tonic kinley
6994;Toruńska
6995;Tran
7734;Trawa cytrynowa
7735;Trawka cytrynowa
6996;Troć
11661;Trufla
6997;Trufle
6998;Truskawka
6999;Truskawki
7005;Truskawki - dżem niskosłodzony
7006;Truskawki - dżem wysokosłodzony
7001;Truskawki mrożone
12036;Trybula
7720;Tunczyk w sosie własnym
11610;Tuńczyk
7007;Tuńczyk świeży
7717;Tuńczyk w kawałkach
7008;Tuńczyk w oleju
7010;Tuńczyk w oleju - konserwa
7009;Tuńczyk w oleju w
7011;Tuńczyk w sosie własnym
7012;Tuńczyk w sosie własnym - konserwa
7013;Tuńczyk w wodzie
7014;Tuńczyk w wodzie w
7718;Tuńczyk w zalewie
7719;Tuńczyk z puszki
7015;Turek camembert light
7016;Tuszka
11502;Twarożek
7418;Twarożek chudy
7419;Twarożek homogenizowany
7420;Twarożek kozi
7421;Twarożek kremowy
7422;Twarożek o smaku chrzanowym
7423;Twarożek półtłusty
7424;Twarożek smietankowy
7425;Twarożek wiejski granulowany
7426;Twarożek ziarnisty w opakowaniu
7427;Twarożek ziołowy
7017;Twaróg
7020;Twaróg zielona laka
7023;Tylżycki pełnotłusty
7024;Tylżycki tłusty
7028;Tymianek
12039;Tymianek cytrynowy
11253;Udko kurczaka
11255;Udko z kurczaka
7032;Udko z kurczaka - bez skóry
7031;Udko z kurczaka ze skórą
11251;Udo korczaka
11554;Udo kurczaka
11257;Udo z kurczaka
7033;Udziec
7034;Udziec barani
7035;Udziec cielęcy
11922;Udziec wołowy
7036;Valbone camembert
7286;Vegeta
11366;Wafel
7043;Wafel ryżowy
11655;Wafelki
7044;Wafle
7045;Wafle nadziewane
7046;Wafle w czekoladzie
7047;Wanilia
11209;Warzywa
11644;Warzywa i jarzyny
11211;Warzywa i owoce
11381;Warzywa kiszone
11383;Warzywa konserwowe
11373;Warzywa marynowane
11663;Warzywa mrorzone
11643;Warzywa mrożone
11371;Warzywa strączkowe
11375;Warzywa surowe
7053;Warzywa suszone
11694;Warzywa z wody
11382;Warzywo
7058;Wątroba cielęca
7059;Wątroba drobiowa
7060;Wątroba wieprzowa
7061;Wątroba wołowa
7062;Wątrobianka
7063;Wątróbka
11910;Wątróbka drobiowa
11719;Wątróbka kurczaka
11223;Wątróbka wieprzowa
11727;Wątróbka z kurczaka
11911;Wątróbki drobiowe
11297;Wedliny
7879;Wermut
7067;Wermut - wino
7880;Wermut biały
7881;Wermut biały wytrawny
7884;Wermut czerwony
7885;Wermut czerwony półsłodki
7886;Wermut dry
7887;Wermut francuski
7882;Wermut jasny wytrawny
7888;Wermut jugosłowiański
7889;Wermut jugosłowiański "bahus"
7890;Wermut jugosłowiański "istra beli"
7892;Wermut martini dry
7894;Wermut rosso
7893;Wermut różowy
7066;Wermut słodki
7895;Wermut włoski
7896;Wermut wytrawny
7883;Wermut wytrawny biały
7068;Wermuth słodki
7069;Wermuth wytrawny
11220;Wermuty
11380;Wędlina
7070;Wędlina sojowa
11205;Wędliny
7820;Wędzony boczek
7072;Węgorz
7074;Węgorz wędzony
12057;Wężymord czarny korzeń
7076;Whisky
7077;Whisky bourbon
7078;Whisky scotch
7079;Wieprzowa pieczeń
11986;Wieprzowa wątróbka
7083;Wieprzowe bitki
11867;Wieprzowe mięso mielone
7084;Wieprzowe nerki surowe
7086;Wieprzowe serca
7088;Wieprzowe żeberka surowe
11207;Wieprzowina
7103;Wieprzowina - boczek
7104;Wieprzowina - boczek bez kości
11572;Wieprzowina - golonka
7105;Wieprzowina - golonka ze skórą
7106;Wieprzowina - karkówka
7107;Wieprzowina - łopatka
7108;Wieprzowina - łopatka chuda
7109;Wieprzowina - łopatka tłusta
11613;Wieprzowina - mięso
7110;Wieprzowina - mięso bez kości - sztukao
7111;Wieprzowina - mięso z kością - sztukao
7112;Wieprzowina - podgardle
7113;Wieprzowina - schab
7114;Wieprzowina - schab surowy
7115;Wieprzowina - schab surowy z kością
7116;Wieprzowina - szynka chuda
7117;Wieprzowina - szynka surowa
7118;Wieprzowina - szynka tłusta
11614;Wieprzowina - zrazowa
7119;Wieprzowina - zrazowa górna
7120;Wieprzowina - zrazowa przednia
7121;Wieprzowina - żeberka
7089;Wieprzowina bez kości
7090;Wieprzowina boczek surowy
7092;Wieprzowina golonka bez skóry surowa
7093;Wieprzowina gotowana
7094;Wieprzowina karkówka
7095;Wieprzowina łopatka
11912;Wieprzowina podroby
7096;Wieprzowina schab smażony
7097;Wieprzowina szynka pieczona
7098;Wieprzowina szynka surowa
7099;Wieprzowina w sosie własnym
7100;Wieprzowina ze skórą gotowana
7101;Wieprzowina ze skórą surowa
7102;Wieprzowina żeberka
7122;Wieprzowy mózg
7123;Wieprzowy stek
11359;Wina
7124;Winegret
7125;Winiak
7403;Winio białe deserowe
7404;Wino
7405;Wino biale
7406;Wino biale wytrawne
7126;Wino białe
7127;Wino białe musujące
7128;Wino białe półsłodkie
7129;Wino białe półwytrawne
7130;Wino białe słodkie
7131;Wino białe wytrawne
7132;Wino czerwone
7133;Wino czerwone półsłodkie
7134;Wino czerwone słodkie
7135;Wino czerwone wytrawne
7407;Wino deserowe białe
7408;Wino dolcetto
7136;Wino grzane z korzeniami
7409;Wino madera
7410;Wino muskat
7137;Wino musujące
11171;Wino półwytrawne
11173;Wino różowe
7138;Wino różowe półwytrawne
7411;Wino ryżowe
7412;Wino słodkie
7413;Wino wytrawne
7417;Wino wytrawne - butelka
7414;Wino wytrawne białe
7415;Wino wytrawne czerwone
7416;Wino wytrawne musujace
7139;Winogrona
11368;Winogrono
7140;Wiórki kokosowe
12087;Wiórki z kokosa
7141;Wiśnia
7142;Wiśnie
7145;Wiśnie - dżem niskosłodzony
7146;Wiśnie - dżem wysokosłodzony
7143;Wiśnie bez pestek mrożone
7144;Wiśnie w czekoladzie
7147;Wiśniówka
7148;Włoska kapusta
7149;Włoskie orzechy
7150;Włoszczyzna
7152;Włoszczyzna mrożona
7153;Woda
7154;Woda mineralna
11639;Woda smakowa
7155;Woda sodowa
7156;Woda z sokiem
7159;Wołowa polędwica
7160;Wołowa wątróbka surowa
7161;Wołowe bitki
11872;Wołowe mięso mielone
11615;Wołowe nerki
7162;Wołowe nerki surowe
7163;Wołowe płuca
7164;Wołowina
7173;Wołowina - antrykot
7174;Wołowina - goleń
11617;Wołowina - karkówka
7175;Wołowina - karkówka chuda
7176;Wołowina - karkówka sztukaotłusta
7177;Wołowina - mostek
7179;Wołowina - polędwica
7180;Wołowina - rostbef
7181;Wołowina - rozbratel
7182;Wołowina - szponder
7183;Wołowina - szponder chudy
7184;Wołowina - szponder tłusty
11616;Wołowina - zrazowa
7185;Wołowina - zrazowa dolna
7186;Wołowina - zrazowa górna
7165;Wołowina antrykot
7166;Wołowina bez kości
7167;Wołowina gotowana
7168;Wołowina rostbef
7169;Wołowina rozbratel
7170;Wołowina szponder
7172;Wołowina z kością
7188;Wołowy łój
7189;Wołowy mózg
7190;Wołowy ogon surowy
7191;Wołowy ozór surowy
7192;Wódka
7193;Wódka czysta
11482;Wódka czysta 40 %
11480;Wódka czysta 40%
7194;Wódka czysta 40°
7766;Wódka żytnia
11396;Wypiek
11327;Wypieki
11203;Wyroby mięsne
7386;Wywar
7387;Wywar drobiowy
7388;Wywar mięsno warzywny
7389;Wywar mięsny
7390;Wywar mięsny drobiowy
7391;Wywar rybny
7392;Wywar warzywny
11921;Wywar wieprzowy
7393;Wywar z drobiu
7394;Wywar z jarzyn
7395;Wywar z kiełbasy
7396;Wywar z kości wołowych
7397;Wywar z kurczaka
7398;Wywar z piersi drobiowej
7399;Wywar z rosołu
7400;Wywar z ryby
7402;Wywar z warzyw
7401;Wywar z wędzonki
7195;Zając tuszka
11486;Zapach arakowy
7381;Zapach cytrynowy
7382;Zapach migdałowy
7383;Zapach pomarańczowy
7384;Zapach rumowy
11488;Zapach śmietankowy
7385;Zapach waniliowy
7199;Zarodki pszenne
7201;Ziele angielskie
7287;Zielenina
11943;Zielone szparagi
7203;Ziemniak
12056;Ziemniak truflowy
7208;Ziemniaki późne
7211;Ziemniaki wczesne
7215;Zioła
7216;Zioła prowansalskie
11370;Zioło
7736;Źdźbła trawki cytrynowej
7262;Żabie udka
7760;Żeberka
7264;Żeberka wieprzowe
7267;Żeberka wieprzowe surowe
7268;Żeberka z rusztu po amerykańsku
11376;Żeberko
7269;Żelatyna
11759;Żoładek kurczaka
7271;Żołądki drobiowe
7761;Żołądki kurze
7762;Żołędzie
7758;Żółta soczewica
7272;Żółte łaciate
7756;Żółte papryczki
7273;Żółtko
7274;Żółtko jaja
7275;Żółtko jaja kurzego
7276;Żółtko surowe
7277;Żółty ser
7763;Żubrówka
7278;Żurawina
7282;Żywiecka